"0","library(tidyverse)"
"2","Registered S3 method overwritten by 'dplyr':
  method           from
  print.rowwise_df     
"
"2","[37mâ”€â”€ [1mAttaching packages[22m â”€â”€â”€â”€â”€â”€â”€â”€â”€â”€â”€â”€â”€â”€â”€â”€â”€â”€â”€â”€â”€â”€â”€â”€â”€â”€â”€â”€â”€â”€â”€â”€ tidyverse 1.2.1 â”€â”€[39m
"
"2","[37m[32mâœ”[37m [34mggplot2[37m 3.2.1     [32mâœ”[37m [34mpurrr  [37m 0.3.2
[32mâœ”[37m [34mtibble [37m 2.1.3     [32mâœ”[37m [34mdplyr  [37m 0.8.3
[32mâœ”[37m [34mtidyr  [37m 0.8.3     [32mâœ”[37m [34mstringr[37m 1.4.0
[32mâœ”[37m [34mreadr  [37m 1.3.1     [32mâœ”[37m [34mforcats[37m 0.4.0[39m
"
"2","[37mâ”€â”€ [1mConflicts[22m â”€â”€â”€â”€â”€â”€â”€â”€â”€â”€â”€â”€â”€â”€â”€â”€â”€â”€â”€â”€â”€â”€â”€â”€â”€â”€â”€â”€â”€â”€â”€â”€â”€â”€â”€ tidyverse_conflicts() â”€â”€
[31mâœ–[37m [34mdplyr[37m::[32mfilter()[37m masks [34mstats[37m::filter()
[31mâœ–[37m [34mdplyr[37m::[32mlag()[37m    masks [34mstats[37m::lag()[39m
"
"0","library(lasso2)"
"2","R Package to solve regression problems while imposing
	 an L1 constraint on the parameters. Based on S-plus Release 2.1
Copyright (C) 1998, 1999
Justin Lokhorst   <jlokhors@stats.adelaide.edu.au>
Berwin A. Turlach <bturlach@stats.adelaide.edu.au>
Bill Venables     <wvenable@stats.adelaide.edu.au>

Copyright (C) 2002
Martin Maechler <maechler@stat.math.ethz.ch>
"
